Name,Email,Phone
Tommie Goody,email,phone
Obadiah Godfery,email,phone
Hewe Andriulis,email,phone
Nicola Schaffel,email,phone
Linnet Fellgate,email,phone
Jeannine Espinola,email,phone
Ferdie Arlet,email,phone
Deb Risebarer,email,phone
Randell Girt,email,phone
Ree Totman,email,phone
Christean Torrans,email,phone
Suzanna Bourke,email,phone
Steve Nehlsen,email,phone
Kaile Antonelli,email,phone
Stu Aizikov,email,phone
Karlene felip,email,phone
Mychal Mellsop,email,phone
Emera Wybrew,email,phone
Farah Bernardo,email,phone
Lyndell Swinfon,email,phone
Bern China,email,phone
Darn Balden,email,phone
Midge Belton,email,phone
Roth Mollen,email,phone
Port Giurio,email,phone
Ambros Reuter,email,phone
Alverta Brockhurst,email,phone
Retha Henriet,email,phone
Durward Haken,email,phone
Elsa Forestel,email,phone
Reinaldo Gretton,email,phone
Hy Letten,email,phone
Ardith Tibbles,email,phone
Rickie Trundell,email,phone
Georges Luthwood,email,phone
Dasie Peever,email,phone
Joel Rand,email,phone
Lorine Rozec,email,phone
Linda Hellard,email,phone
Haskell Vasyutochkin,email,phone
Ann Klaaassen,email,phone
Evania McMechan,email,phone
Wendi Bumfrey,email,phone
Lurette Dillamore,email,phone
Dud Rustadge,email,phone
Concettina Stather,email,phone
Blakelee Barson,email,phone
Winnie Woodall,email,phone
Rutter Fulford,email,phone
Leah Veryan,email,phone
Illa Asplin,email,phone
Erv Dimmack,email,phone
Garfield Sweeting,email,phone
Joyann Ridehalgh,email,phone
Emilie Yearn,email,phone
Elden Garrick,email,phone
Giff Millberg,email,phone
Kara Ritson,email,phone
Emlen Menier,email,phone
Martica Yurkevich,email,phone
Donielle Spinetti,email,phone
Major Carlaw,email,phone
Ivy Cordelet,email,phone
Marcel Renon,email,phone
Chip Jeafferson,email,phone
Holly Loges,email,phone
Valentino Thurbon,email,phone
Patin Guitonneau,email,phone
Carita Jobbins,email,phone
Starla Haysham,email,phone
Ramsey Dohmer,email,phone
Alma Boggish,email,phone
Eldredge Carrel,email,phone
Merrill Grzegorek,email,phone
Alix Dobeson,email,phone
Carmencita Tuer,email,phone
Parsifal Heining,email,phone
Thom Andrysek,email,phone
Janie Rogger,email,phone
Sumner Throughton,email,phone
Maurice Wagge,email,phone
Dora Tennock,email,phone
Hilliard Exroll,email,phone
Roderic Sawtell,email,phone
Dorrie Bleackly,email,phone
Bernete Emmet,email,phone
Brady Fray,email,phone
Dona Paton,email,phone
Baird Curtain,email,phone
Lonna Pinkney,email,phone
Jo Allum,email,phone
Samson Benny,email,phone
Mureil Izat,email,phone
Flem Clausen,email,phone
Amery Eyers,email,phone
Sondra Langstone,email,phone
Nona Franseco,email,phone
Ara Layburn,email,phone
Domenico Armstrong,email,phone
Hewe Walaron,email,phone
Duky Kniveton,email,phone
Gram Wilsone,email,phone
Helen-elizabeth Flancinbaum,email,phone
Van Miebes,email,phone
Nolana Norquay,email,phone
Jeromy Hynd,email,phone
June Binley,email,phone
Sheelah Loos,email,phone
Dov Di Roberto,email,phone
Audre Boyett,email,phone
Lorelei Warrington,email,phone
Zonda Woltman,email,phone
Sigismondo Chilles,email,phone
Erminia Kubiak,email,phone
Druci Glenn,email,phone
Jeromy Gewer,email,phone
Edin O'Fihillie,email,phone
Garey MacCorkell,email,phone
Maribeth Bulleyn,email,phone
Rianon Mariolle,email,phone
Roldan Ransfield,email,phone
Tedman Leneham,email,phone
Marlo Haggis,email,phone
Job Pally,email,phone
Tina Laugherane,email,phone
Rose Meads,email,phone
Trent Nellies,email,phone
Lanie Mawer,email,phone
Kay Carbery,email,phone
Agosto Penzer,email,phone
Morgan Mitton,email,phone
Merrick Minchenton,email,phone
Genny Tombling,email,phone
Pinchas Titterrell,email,phone
Randie Sandell,email,phone
Sutherlan Arrighetti,email,phone
Manfred Tilzey,email,phone
Norby Wason,email,phone
Sonny Passo,email,phone
Lorry Patey,email,phone
Hasty O'Sheils,email,phone
Jorgan Code,email,phone
Giovanna Trudgian,email,phone
Phaidra Sappell,email,phone
Gratia Riccetti,email,phone
Romeo Maddaford,email,phone
Jerrylee Bouda,email,phone
Bunnie Cajkler,email,phone
Cally Sheldon,email,phone
Emiline Hansley,email,phone
Angelle Farryann,email,phone
Thibaud Defraine,email,phone
Catherin Sawood,email,phone
Antonietta Mc Harg,email,phone
Ike Saunter,email,phone
Wes Ricold,email,phone
Rahal Orridge,email,phone
Mal Scates,email,phone
Alica Chapell,email,phone
Connie Kennedy,email,phone
Hildegarde Beadham,email,phone
Libby Kaas,email,phone
Westbrooke Cadman,email,phone
Shalne Boulstridge,email,phone
Beulah Fransewich,email,phone
Otis Cossell,email,phone
Giraldo Moresby,email,phone
Didi Parrott,email,phone
Nelson Gager,email,phone
Izzy Zarfati,email,phone
Carroll Rosenau,email,phone
Yevette Okenden,email,phone
Penn Lyes,email,phone
Hyacintha Galland,email,phone
Alessandra Lapre,email,phone
Nomi Colclough,email,phone
Julian Wadlow,email,phone
Britte Daborne,email,phone
Harmony Cruft,email,phone
Debera Longland,email,phone
Phillie Foy,email,phone
Monica McMurthy,email,phone
Kinny Pettersen,email,phone
Ashlan Schuh,email,phone
Arley Sillitoe,email,phone
Anallise Hamberston,email,phone
Herrick Cattel,email,phone
Franz Toffoletto,email,phone
Stanfield Corness,email,phone
Cody Haken,email,phone
Prue Gymlett,email,phone
Wyndham Iorizzo,email,phone
Maria Skellorne,email,phone
Raquel Kingh,email,phone
Rozele Bewshire,email,phone
Flor Pren,email,phone
Park von Nassau,email,phone
Lisbeth Frugier,email,phone
Shurlock Blackaby,email,phone
Lisetta Ryall,email,phone
Gaylord Burden,email,phone
Lonni Niccols,email,phone
Adele Hauxley,email,phone
Dante Garlinge,email,phone
Dorolice Karoly,email,phone
Neilla Nichols,email,phone
Dave Isenor,email,phone
Alonzo Bernier,email,phone
Walsh Comar,email,phone
Vidovik Simester,email,phone
Lesley Lodewick,email,phone
Artemus Anchor,email,phone
Dominick Petford,email,phone
Reagan Bonick,email,phone
Kata MacCrackan,email,phone
Ephrayim Spridgeon,email,phone
Teddy Cattini,email,phone
Elvina Yanin,email,phone
Nickolas Whelan,email,phone
Lisbeth Matuszak,email,phone
Merrick McAlpine,email,phone
Christie Sprull,email,phone
Carly Farny,email,phone
Blithe Gippes,email,phone
Kelley Gullane,email,phone
Kelwin Ciobotaru,email,phone
Aleksandr Hablot,email,phone
Joshua Carnell,email,phone
Jeniece Sumers,email,phone
Christy Ivery,email,phone
Claudina Prosh,email,phone
Jeanette Reucastle,email,phone
Zerk Beel,email,phone
Catina Surman-Wells,email,phone
Lombard D'Ambrogio,email,phone
Heather Spondley,email,phone
Morrie Dundridge,email,phone
Alix Shimman,email,phone
Rodolphe Hasley,email,phone
Calhoun Flemmich,email,phone
Kenn Wilcocks,email,phone
Marcelle Ander,email,phone
Catrina Clohissy,email,phone
Edeline Rooksby,email,phone
Hilary Puttick,email,phone
Mickie Peatheyjohns,email,phone
Cherilyn Ciabatteri,email,phone
Tobiah Slaughter,email,phone
Patricio Stainton,email,phone
Griffy Mustard,email,phone
Gaby Deme,email,phone
Sal Mayer,email,phone
Hal Lambis,email,phone
Raimund Hitschke,email,phone
Garold Slate,email,phone
Zsa zsa Lipyeat,email,phone
Aila Bottomer,email,phone
Kissiah Winston,email,phone
Jermaine Moulden,email,phone
Sky Keary,email,phone
Nikita Huygens,email,phone
Kandace Tyas,email,phone
Hale Wharby,email,phone
Frankie Binyon,email,phone
Allan Persent,email,phone
Martie Dict,email,phone
Christoforo Eck,email,phone
Virgina Burnside,email,phone
Wolfie Dodshun,email,phone
Winne Ditter,email,phone
Brigham Bayns,email,phone
Annmarie Schuck,email,phone
Andrej Menzies,email,phone
Jania Kelleher,email,phone
Adham Logue,email,phone
Rivalee Bigg,email,phone
Eimile MacCallam,email,phone
Doralin Oloshin,email,phone
Tessy Devil,email,phone
Laraine Freeberne,email,phone
Raimondo Howsley,email,phone
Alisa Birds,email,phone
Brit Hazelgreave,email,phone
Robinet McDade,email,phone
Rinaldo Trewman,email,phone
Lyman Wittke,email,phone
Norry Mees,email,phone
Gabriella Close,email,phone
Rosie Keesman,email,phone
Bonni Gillimgham,email,phone
Dosi Macieiczyk,email,phone
Jacinthe Gabbott,email,phone
Rosalinde Ridout,email,phone
Lizbeth Climer,email,phone
Wheeler Stalley,email,phone
Melloney Heintze,email,phone
Sula Ollivierre,email,phone
Colver MacSweeney,email,phone
Torrey Aizikovitz,email,phone
Barny Beminster,email,phone
Colby Sadd,email,phone
Pernell Westnedge,email,phone
Gonzales Kalinsky,email,phone
Benni Dowsey,email,phone
Laura Drysdall,email,phone
Drew Flatte,email,phone
Lea Gledhall,email,phone
Lorie Evesque,email,phone
Daven Lux,email,phone
Ruperta Flecknoe,email,phone
Stuart Alpine,email,phone
Helge Menere,email,phone
Minna Lewtey,email,phone
Rebecka Fishburn,email,phone
Leisha Mapplebeck,email,phone
Berny Staples,email,phone
Robinia Worley,email,phone
Fonz Eagling,email,phone
Concettina Aggio,email,phone
Irena Grey,email,phone
Abbey Mallard,email,phone
Sumner Vokes,email,phone
Phebe Endrizzi,email,phone
Grenville Barrie,email,phone
Clemmy Vennings,email,phone
Issie Johnstone,email,phone
Nina Leggett,email,phone
Annis Sangra,email,phone
Giuseppe Dane,email,phone
Park Dachey,email,phone
Northrup Butting,email,phone
Francis Dadswell,email,phone
Delilah Delnevo,email,phone
Daniel Spier,email,phone
Kerianne Harbage,email,phone
Vladamir Le Pine,email,phone
Denny Gooderson,email,phone
Rorke Polley,email,phone
Rhoda Dymond,email,phone
Mommy Roumier,email,phone
Karlens Loidl,email,phone
Lionel Finby,email,phone
Nil Pelz,email,phone
Mac Mogridge,email,phone
Franklyn McDermid,email,phone
Leonhard Patching,email,phone
Darnall Burdett,email,phone
Emmy Buckthorp,email,phone
Chev Bert,email,phone
Avrom Vautier,email,phone
Katti Reicharz,email,phone
Harper Orkney,email,phone
Nataline Crowd,email,phone
Bambie Halkyard,email,phone
Taddeo Stodd,email,phone
Kayley Bohling,email,phone
Magnum Marrow,email,phone
Fern Nockells,email,phone
Melodee Canacott,email,phone
Sollie Persicke,email,phone
Consuelo Pitchers,email,phone
Marabel Selvey,email,phone
Teodor Gladdolph,email,phone
Lizbeth Tanti,email,phone
Graham Kirkup,email,phone
Lacee Gyves,email,phone
Roma Scoon,email,phone
Frannie Antrack,email,phone
Sunshine ducarme,email,phone
Carey Triplow,email,phone
Barri Lebreton,email,phone
Rochette Janisson,email,phone
Colette Jirka,email,phone
Karoly Heatly,email,phone
Letitia Raithmill,email,phone
Erda Sherer,email,phone
Wernher Leidecker,email,phone
Odette Noye,email,phone
Chaddie Broughton,email,phone
Aylmar Bennington,email,phone
Jilly Wheal,email,phone
Dru Koppeck,email,phone
Mata Panting,email,phone
Catha Gepp,email,phone
Tyler Tabbernor,email,phone
Fraze Scriven,email,phone
Darnall Tebboth,email,phone
Jacenta Dignum,email,phone
Emlen Tokley,email,phone
Federico Balazin,email,phone
Devon Tebbutt,email,phone
Moore McRitchie,email,phone
Eamon Verrillo,email,phone
Parke Hazleton,email,phone
Jandy Lomas,email,phone
Lynda Bavister,email,phone
Robinetta Haddacks,email,phone
Cornela Stidworthy,email,phone
Tami Ivanuschka,email,phone
Isidora Satterly,email,phone
Jami Cottage,email,phone
Enrica MacLennan,email,phone
Tamar Wishkar,email,phone
Rebeka Southwood,email,phone
Nevins Rounsefell,email,phone
Sibby Armitage,email,phone
Charil Montier,email,phone
Nickey Decroix,email,phone
Alasteir Gehrels,email,phone
Elnora Gabites,email,phone
Augie Chaundy,email,phone
Diandra Snowding,email,phone
Brit Sorey,email,phone
Mabel Leith-Harvey,email,phone
Mignon Fairham,email,phone
Cornall Dennis,email,phone
Forster Baccus,email,phone
Jarib Denis,email,phone
Camellia Poulett,email,phone
Woodie Teasell,email,phone
Niven Stoffel,email,phone
Berty Laurant,email,phone
Brier Geffcock,email,phone
Beulah Conman,email,phone
Joceline Brewster,email,phone
Odell Mary,email,phone
Calli Guidera,email,phone
Paulina Dixcee,email,phone
Tarrah Holtham,email,phone
Shannan Crassweller,email,phone
Elise Brownsall,email,phone
Martyn Kunz,email,phone
Trixie Swainston,email,phone
Donni Testo,email,phone
Gaven Chaney,email,phone
Mariejeanne Giorgini,email,phone
Therese Coulthard,email,phone
Niels Hanselmann,email,phone
Chiquia Balma,email,phone
Virginie Wagon,email,phone
Aprilette Patington,email,phone
Brock Dillet,email,phone
Bendick Swansbury,email,phone
Tibold Schuchmacher,email,phone
Roz Holwell,email,phone
Alleyn Wilstead,email,phone
Renell Leathe,email,phone
Anna-diane Abbitt,email,phone
Vonny Gisbey,email,phone
Tommy Luther,email,phone
Kalina Stiffkins,email,phone
Olenolin Fiorentino,email,phone
Way Beade,email,phone
Hi Solloway,email,phone
Far MacMarcuis,email,phone
Mikel Mell,email,phone
Evonne Conerding,email,phone
Marius Bernetti,email,phone
Babbie Catchpole,email,phone
Keven Dowrey,email,phone
Udell Magill,email,phone
Deeyn Winterburn,email,phone
Consalve Jeanesson,email,phone
Adam Portail,email,phone
Beverlie Hixson,email,phone
Jillene Cowan,email,phone
Hewitt Stowers,email,phone
Codie Lupson,email,phone
Carine Fisby,email,phone
Adrianna Barkas,email,phone
Brenda Stothard,email,phone
Graehme Jee,email,phone
Halie Chardin,email,phone
Archaimbaud Stovine,email,phone
Thia McNeilly,email,phone
Casi Lippitt,email,phone
Jenn Eagleston,email,phone
Meggi O'Hingerty,email,phone
Adolphus Schonfelder,email,phone
Ruy Baterip,email,phone
Vinson Sorensen,email,phone
Philippe Diggens,email,phone
Mady Brimfield,email,phone
Pegeen Bangham,email,phone
Dunn Rakestraw,email,phone
Martyn Munson,email,phone
Zaria Dorwood,email,phone
Lorry Buckenham,email,phone
Lynne Ortet,email,phone
Skippy Yurkiewicz,email,phone
Alicia Sunter,email,phone
Vick Geffinger,email,phone
Derrick Elbourn,email,phone
Aleda Dominique,email,phone
Debera Ivanyutin,email,phone
Kirstin Grinyakin,email,phone
Haywood Rumbold,email,phone
Karalynn Lambkin,email,phone
Kessiah Tynemouth,email,phone
Carmela Kaubisch,email,phone
